name,historic_extra_code,old_code,code,full_code,depth,condition,rule_direction,QC_accept_code,QC_reject_code,TIME_quality_control,LATITUDE_quality_control,LONGITUDE_quality_control,PROBE_TYPE_quality_control,TEMP_quality_control,DEPTH_quality_control,Parameter,,,
scientific_qc_applied,0,,QC,QCA,0,,down,1,,,,,,1,1,TEMP,,,
wire_stretch,0,,WS,WSA,,,down,2,,,,,,2,1,TEMP,,,
hit_bottom,0,,HB,HBA,,,down,4,,,,,,2,1,TEMP,,,
leakage,0,,LE,LEA,,,down,8,,,,,,2,1,TEMP,,,
electrical_interference_interpolated,0,,EI,EIA,,,selected,16,,,,,,5,1,TEMP,,,
electrical_interference_interpolated,0,,EI,EIA,,,down,16,,,,,,2,1,TEMP,,,
high_frequency_noise_filtered,0,,HF,HFA,,,selected,32,,,,,,5,1,TEMP,,,
high_frequency_noise_filtered,0,,HF,HFA,,,down,32,,,,,,2,1,TEMP,,,
temperature_inversion_confirmed,0,,IV,IVA,,,down,64,,,,,,1,1,TEMP,,,
temperature_inversion_unconfirmed,0,,PI,PIA,,,down,128,,,,,,2,1,TEMP,,,
temperature_offset,0,"TA, TO, TD, SA, SO",TO,TOA,,,down,256,,,,,,2,1,TEMP,,,
temperature_eddy_or_front,0,,EF,EFA,0,,down,512,,,,,,1,1,TEMP,,,
temperature_steps_or_structure_confirmed,0,FS,ST,STA,,,down,1024,,,,,,1,1,TEMP,,,
temperature_steps_or_structure_unconfirmed,0,,PS,PSA,,,down,2048,,,,,,2,1,TEMP,,,
depth_offset,0,"DO, PL",DO,DOA,,,down,4096,,,,,,5,1,TEMP,,,
constant_temperature,0,,CT,CTA,,,down,8192,,,,,,2,1,TEMP,,,
time_error,0,,TE,TEA,0,,down,16384,,5,,,,2,1,TIME,,,
latitude_error,0,PE,LA,LAA,0,,down,32768,,,5,,,2,1,LATITUDE,,,
longitude_error,0,PE,LO,LOA,0,,down,65536,,,,5,,2,1,LONGITUDE,,,
repeat_profile,0,,RE,REA,0,,down,131072,,,,,,0,0,TEMP,,,
probe_type_changed,0,DP,PR,PRA,0,,down,262144,,,,,5,2,2,TEMP,,,
spike_interpolated,1,,SP,SPA,,,selected,262144,,,,,,5,1,TEMP,,,
spike_interpolated,1,,SP,SPA,,,down,524288,,,,,,2,1,TEMP,,,
fine_structure,1,,FS,FSA,0,,down,1048576,,,,,,2,1,TEMP,,,
bowing_BathySystems,1,,BO,BOA,0,,down,2097152,,,,,,2,1,TEMP,,,
cusping_BathySystems_leakage,1,,CU,CUA,0,,down,4194304,,,,,,2,1,TEMP,,,
sippicanMK_timing_delay_driver_error,1,,DR,DRA,0,,down,8388608,,,,,,2,1,TEMP,,,
BathySystem_software_fault_modulo_10_spikes_filtered,1,,MO,MOA,0,,down,16777216,,,,,,2,1,TEMP,,,
protecho_systems_leakage_fault,1,,PF,PFA,0,,down,33554432,,,,,,2,1,TEMP,,,
sippicanMK9_sticking_bit_19_point_filtered,1,,SB,SBA,0,,down,67108864,,,,,,2,1,TEMP,,,
depth_corrected_multiplied_by_10,1,,DE,DEA,0,,down,134217728,,,,,,2,2,TEMP,,,
bathy_data_low_resolution,1,,BD,BDA,0,,down,268435456,,,,,,2,1,TEMP,,,
surface_transient,0,,CS,CSR,3.6,,up,,1,,,,,3,1,TEMP,,,
wire_stretch,0,,WS,WSR,,,down,,2,,,,,3,1,TEMP,,,
wire_break,0,,WB,WBR,,,down,,4,,,,,4,1,TEMP,,,
hit_bottom,0,,HB,HBR,,,down,,8,,,,,3,4,TEMP,,,
no_good,0,CL,NG,NGR,,,down,,16,,,,,4,4,TEMP,,,
leakage,0,,LE,LER,,,down,,32,,,,,3,1,TEMP,,,
electrical_interference,0,,EI,EIR,,,down,,64,,,,,4,1,TEMP,,,
high_frequency_noise,0,,HF,HFR,,,down,,128,,,,,4,1,TEMP,,,
temperature_offset,0,"TA, TO, TD, SA, SO",TO,TOR,,,down,,256,,,,,3,1,TEMP,,,
depth_offset,0,DO,DO,DOR,,,down,,512,,,,,3,3,TEMP,,,
constant_temperature,0,,CT,CTR,,,down,,1024,,,,,3,3,TEMP,,,
time_error,0,,TE,TER,0,,down,,2048,3,,,,3,1,TIME,,,
test_probe,0,,TP,TPR,0,,down,,4096,,,,,4,4,TEMP,,,
position_error,0,PE,PE,PER,0,,down,,8192,,3,3,,3,1,LATITUDE LONGITUDE,,,
duplicate_profile,0,,DU,DUR,,,down,,16384,,,,,4,4,TEMP,,,
probe_type_changed,0,DP,PR,PRR,0,,down,,32768,,,,3,3,3,TEMP,,,
spike,1,,SP,SPR,,,down,,65536,,,,,4,1,TEMP,,,
insulation_penetration,1,,IP,IPR,,,down,,131072,,,,,3,1,TEMP,,,
no_trace,1,,NT,NTR,,,down,,262144,,,,,4,4,TEMP,,,
bowing_BathySystems,1,,BO,BOR,0,,down,,524288,,,,,3,1,TEMP,,,
sippicanMK_timing_delay_driver_error,1,,DR,DRR,0,,down,,1048576,,,,,3,1,TEMP,,,
protecho_systems_leakage_fault,1,,PF,PFR,0,,down,,2097152,,,,,3,1,TEMP,,,
bathy_data_low_resolution,1,,BD,BDR,0,,down,,4194304,,,,,3,1,TEMP,,,